<?xml version="1.0" encoding="UTF-8"?>
<project-private xmlns="http://www.netbeans.org/ns/project-private/1">
    <editor-bookmarks xmlns="http://www.netbeans.org/ns/editor-bookmarks/2" lastBookmarkId="0"/>
    <open-files xmlns="http://www.netbeans.org/ns/projectui-open-files/2">
        <group>
            <file>file:/C:/Users/luizj.LAPTOP-S284PDKK/Desktop/FATEC%20-%20MATERIAIS/3º%20Semestre/Programação%20Orientada%20a%20objetos/Trabalhos/Trabalho%201/prova/prjPOOGuilhermeLuiz/src/fatec/poo/view/GuiCliente.java</file>
            <file>file:/C:/Users/luizj.LAPTOP-S284PDKK/Desktop/FATEC%20-%20MATERIAIS/3º%20Semestre/Programação%20Orientada%20a%20objetos/Trabalhos/Trabalho%201/prova/prjPOOGuilhermeLuiz/src/fatec/poo/model/Cliente.java</file>
            <file>file:/C:/Users/luizj.LAPTOP-S284PDKK/Desktop/FATEC%20-%20MATERIAIS/3º%20Semestre/Programação%20Orientada%20a%20objetos/Trabalhos/Trabalho%201/prova/prjPOOGuilhermeLuiz/src/fatec/poo/view/GuiMenu.java</file>
            <file>file:/C:/Users/luizj.LAPTOP-S284PDKK/Desktop/FATEC%20-%20MATERIAIS/3º%20Semestre/Programação%20Orientada%20a%20objetos/Trabalhos/Trabalho%201/prova/prjPOOGuilhermeLuiz/src/fatec/poo/view/GuiAtualizaLimiteCredito.java</file>
        </group>
    </open-files>
</project-private>
