[
  {
    "id": 5677240,
    "name": "Conjunto de Panelas antiaderentes com 05 Peças Paris",
    "quantity": 21,
    "price": 192.84,
    "category": "Panelas"
  },
  {
    "id": 9628920,
    "name": "Lava & Seca 10,2 Kg Samsung Eco bubble branca com 09 Programas de Lavagem",
    "quantity": 57,
    "price": 3719.7,
    "category": "Eletrodomésticos"
  },
  {
    "id": 1316334,
    "name": "Refrigerador bottom Freezer Electrolux de 02 Portas Frost Free com 598 Litros",
    "quantity": 12,
    "price": 3880.23,
    "category": "Eletrodomésticos"
  },
  {
    "id": 6502394,
    "name": "Fogão de Piso Electrolux de 04 bocas, Mesa de Vidro Prata",
    "quantity": 37,
    "price": 1419,
    "category": "Eletrodomésticos"
  },
  {
    "id": 9576720,
    "name": "Forno Micro-ondas Panasonic com capacidade de 21 Litros branco",
    "quantity": 13,
    "price": 358.77,
    "category": "Eletrodomésticos"
  },
  {
    "id": 8875900,
    "name": "Smart TV 4K Sony LED 65” 4K X-Reality Pro, UpScalling, Motionflow XR 240 e Wi-F",
    "quantity": 0,
    "price": 5799.42,
    "category": "Eletrônicos"
  },
  {
    "id": 9746439,
    "name": "Home Theater LG com blu-ray 3D, 5.1 canais e 1000W",
    "quantity": 80,
    "price": 2199,
    "category": "Eletrônicos"
  },
  {
    "id": 2162952,
    "name": "Kit Gamer acer - Notebook + Headset + Mouse",
    "price": 25599,
    "category": "Eletrônicos",
    "quantity": 0
  },
  {
    "id": 3500957,
    "name": "Monitor 29 LG FHD Ultrawide com 1000:1 de contraste",
    "quantity": 18,
    "price": 1559.4,
    "category": "Eletrônicos"
  },
  {
    "id": 1911864,
    "name": "Mouse Gamer Predator cestus 510 Fox Preto",
    "price": 699,
    "category": "Acessórios",
    "quantity": 0
  }
]