<?xml version="1.0" encoding="UTF-8"?>
<project-private xmlns="http://www.netbeans.org/ns/project-private/1">
    <editor-bookmarks xmlns="http://www.netbeans.org/ns/editor-bookmarks/2" lastBookmarkId="0"/>
    <open-files xmlns="http://www.netbeans.org/ns/projectui-open-files/2">
        <group>
            <file>file:/C:prjTrab2/src/fatec/poo/model/Pessoa.java</file>
            <file>file:/C:prjTrab2/src/fatec/poo/model/Atendente.java</file>
            <file>file:/C:prjTrab2/src/fatec/poo/model/QuartoHotel.java</file>
            <file>file:/C:prjTrab2/src/fatec/poo/model/Hospede.java</file>
            <file>file:/C:prjTrab2/src/fatec/poo/view/GuiCadastroAtendente.java</file>
            <file>file:/C:prjTrab2/src/fatec/poo/view/GuiMenu.java</file>
            <file>file:/C:prjTrab2/src/fatec/poo/view/GuiReservaLiberacaoQuarto.java</file>
            <file>file:/C:prjTrab2/src/fatec/poo/view/GuiCadastroHospede.java</file>
            <file>file:/C:prjTrab2/src/fatec/poo/view/GuiCadastroQuarto.java</file>
            <file>file:/C:prjTrab2/src/fatec/poo/view/GuiAvaliacao2.java</file>
        </group>
    </open-files>
</project-private>
